build_year,x_coord,y_coord
1981,23.303357596645927,55.93434608185759
1984,22.951034101185613,55.987235079458756
1937,23.31540251151393,55.93287742045852
2007,23.309599167108246,55.92894620271307
1900,23.274151881355852,55.906005131010666
1997,23.29606554891696,55.923434596769205
1972,23.301571810159455,55.93842345933014
1973,23.26560553065746,55.90465185024754
1953,23.28980220674763,55.917721063060085
1960,23.280362575823883,55.93419595276328
1976,23.31354594227672,55.93379238949173
1969,23.30630869804562,55.92951164668251
2012,23.293603034730136,55.9418276923519
1910,23.314600718308014,55.930249784642605
1992,22.925562759970475,55.99147168453928
1900,23.316650621500973,55.931977017303595
1987,23.29276710261075,55.93499544333582
1982,23.26380212502111,55.92049705042721
1977,23.269207458984337,55.91295611105706
1965,23.312195507487786,55.94858962399599
1981,23.26332905249177,55.91085487672099
1978,23.270291941760537,55.90971947987498
1954,23.32772306424928,55.854402238685054
1968,23.321385798996705,55.92017193326359
1972,22.944954536136482,56.002150090910646
1985,23.294344172468566,55.93187822823792
1979,23.263400855789868,55.91044206267716
1973,23.26612268599939,55.90521191369554
1955,23.313603039087983,55.932373316941714
1968,23.242683244383546,56.089410298446765
1990,23.24998045739106,55.91713467541841
1987,23.30911067618989,55.94650617073666
1972,23.26864843891389,55.907814202289835
1979,23.263357306063984,55.910208229809726
1965,23.323877101700575,55.930534611826005
1996,22.933127796597265,56.001374562896004
1958,22.954940405205573,55.985606262326506
1938,23.319346874945612,55.93427374642038
1989,23.247281958389248,55.909446252976615
1989,23.27646486168083,55.914912449850625
1976,23.271336643175303,55.91030061195056
1987,23.302908008504502,55.93264565902824
1968,23.423154939782695,55.92197515257949
1975,23.264987175902153,55.89760504535316
1963,23.323952835269385,55.92986126625698
1925,23.323433949403256,55.93484424894112
1961,23.321699132815883,55.92329991555554
1959,23.305396352984467,55.929524473318196
1967,22.940678253228196,56.00433241000956
1956,22.941290830710564,55.974888985017586
1989,23.33286258572107,55.8527233242194
1984,23.346376606309388,55.92387350980305
1993,23.240568984525833,55.90676387326058
1971,23.31682119369525,55.92683042450727
1996,23.323364392063986,55.933325659380564
1968,23.304972941134178,55.92814761033529
1975,23.27121798223718,55.908952377466136
1975,23.28110829000441,55.91293630923469
1979,23.31599389159631,55.93019464278625
1937,22.934623429532312,56.004702487095955
1992,23.331638746474145,55.851449997727705
1978,23.260781747074297,55.91359756591745
1988,23.347266419862585,55.93280779589783
1988,23.251256928473822,55.91066529547875
1953,23.334255869854623,55.85530017451742
1991,23.2474220455625,55.91047123565756
1967,23.28363370289393,55.91390327749128
1982,23.265516321502492,55.91614128208809
1966,23.305948163722203,55.93535786907955
1953,23.33465941766754,55.85505081642863
1986,23.255701908826108,55.91658544870812
1960,23.334607167124528,55.92350506402858
1920,23.313165783157668,55.92904698930015
1975,23.26380970421465,55.90659056129692
1974,23.263406881814824,55.90590540221428
1900,23.310264171496907,55.932947580796224
1986,23.28004678351075,55.91670319414788
1981,23.256250543692754,55.912995341273344
1993,23.247656331495573,55.91406609233379
1971,23.266762176342503,55.9035268132564
1965,23.326055485131125,55.9341040042888
1973,23.28955403947199,55.94003466659073
1967,23.28904686736298,55.916162555873306
1992,23.282021273318804,55.90594345533437
1950,23.29613803436367,55.920317731696834
1961,23.319516011351062,55.926450065284335
1966,23.320275919857185,55.93514128915044
1974,23.26253387888758,55.90555880254763
1956,22.949080666910554,56.01020776949369
1981,23.342804139779844,55.92414197489483
1960,22.935309725958348,56.00540016039894
1961,23.316532383116346,55.9259664072962
1984,23.253852832557364,55.917077340833
1925,23.319442080598645,55.929755580582174
1978,22.952144538969847,55.98647192122392
1990,23.248407506724217,55.912444653581304
1962,23.309706714239965,55.93909814507149
1956,22.955233254416008,55.983066349202126
1925,23.318211402603875,55.92693694431948
1976,23.289028921296325,55.93811815360686
1986,23.278427468336364,55.91603792097762
2009,23.255095446236712,55.90483128619758
1961,23.31598491749752,55.92525367279856
1960,23.35773971274309,55.91302733441584
1985,23.303213449752224,55.931677169472415
1968,23.305768276636265,55.928412616060264
1983,23.257273950756463,55.90715321954536
1982,23.32033358964461,55.9291047074976
1960,23.322770137889936,55.927024972878456
1992,23.242660097132664,55.90450390468503
1984,23.294873341312393,55.921244784653304
1954,23.31582566822708,55.93156818219375
1993,23.249019914918787,55.91137934499533
1987,22.94111596139173,56.00181174461627
1989,23.251372407721544,55.91131281392156
1976,23.271946538152676,55.9093339953269
1900,23.32123172482624,55.92441129424065
1985,22.92563107201896,55.99652114531141
1972,23.26403883773659,55.89955779985353
1993,23.282431939176206,55.91748071180515
1966,23.32322882814631,55.923658684869125
1989,23.27717161930504,55.91475489563326
1968,23.288231909279197,55.939685663780295
1974,23.26758183623262,55.90840077872388
1965,23.31606865359263,55.92958418064567
1935,23.313699735565507,55.93505093388032
1949,23.314657217011483,55.93430165092177
1982,23.268082075535766,55.9124104160801
1988,23.240943690898007,55.90886833973634
1959,23.306978565874413,55.93591166165777
1900,26.31226529228991,55.51977377291713
1930,23.314211487883107,55.929636741411734
1900,23.297521557859486,55.91635491426762
1983,23.307753203590288,55.94003943453089
1980,23.3177416715622,55.940921623815825
1971,23.267140437731907,55.902972083910655
1961,23.31723575540278,55.92691357414224
1982,22.953590705386215,55.98751733200868
1967,23.28595127562593,55.91661179355121
1974,23.26974171464566,55.9083597025305
1977,23.26579171964506,55.90664731051878
1972,23.2775169338017,55.909088306823385
1900,23.294390484340273,55.919642953800334
1953,23.3053320507371,55.93132979321841
1985,23.256542239829145,55.91614134594434
1995,23.281445563669376,55.90507767722097
1989,23.31888906501437,55.92844093541096
1980,23.302191496689755,55.95024922588208
1986,23.28983636802074,55.920227662760176
1983,23.364700596300434,55.918714039649494
1988,23.300031011359856,55.93510879196044
1959,23.313350575864117,55.92402624578932
1982,23.361045733690233,55.95417077335759
1962,23.324993051930807,55.92617475766047
1990,23.243417254803298,55.90832657782085
1973,23.293570171251563,55.943633184510425
2003,23.29087228584022,55.93095994387966
1954,23.31012082560604,55.9266044326522
1959,23.33142770860649,55.854440386544915
1981,23.295425144934796,55.923457886269276
1969,23.308533716818914,55.92947025363885
1972,23.270169577683056,55.90516409326331
1938,23.315043493895075,55.9341780301791
1990,22.94737493707371,56.00688722102109
1986,23.300320056231246,55.93416716701
1987,23.261966315871643,55.91018193559258
1980,23.260940305184487,55.90526177606799
1965,23.326135594375,55.94977160300571
1976,23.332547491122252,55.92232606866723
1970,22.945047773671963,56.003435559489475
1987,23.27882850491524,55.91597738483901
1930,23.31253156683095,55.9323314090727
1991,23.356533414276484,55.918258408203506
1969,23.2753121265344,55.91153684531281
1983,23.3061023496856,55.92852230007191
1961,22.938641542042827,56.00551871648908
1989,23.248506890744633,55.90813314848031
1985,23.256557718871857,55.91616839002252
1979,23.29022225462202,55.9201220845439
1961,23.322850402624955,55.92517481538038
1987,23.25482451183674,55.90895310386479
1990,23.24845724042892,55.91400809673573
1988,23.274961999183194,55.914014242443955
1967,23.30837509245085,55.90872644095173
1977,23.268622295049976,55.91260227951421
1971,23.265925077341585,55.9029738292319
1989,23.248209668988,55.91026942364939
1959,23.310399957191546,55.931609801079404
1954,23.31944015330665,55.935343295632
1966,23.302030520810792,55.92448367336496
1980,23.288974199417876,55.92013285413547
1970,23.31110488550416,55.944190616493366
1991,23.30082805947949,55.93617336930659
1963,23.324928873326414,55.92986661817173
1963,23.32536619662756,55.92956357525752
1989,23.210467685579825,55.87856365488753
1973,22.948845990770636,55.99227428252681
1965,23.321686525738706,55.9340979961276
1970,23.309089274172475,55.939615726308354
1961,22.950784909285353,56.01477701161407
1990,23.247070630481694,55.91457457646866
1983,23.30413476363764,55.93205968322172
1980,23.322687012922927,55.93546000501067
2024,23.32942541288372,55.962294497656075
1986,23.30289724497734,55.93859266783509
1993,23.241819291419038,55.90743636106979
1961,23.322077134467207,55.92547600129912
1978,23.271594900496467,55.90505574513464
1987,23.24988298463335,55.914726488758134
1987,23.255868277490837,55.9087348253834
1983,23.26115530549593,55.91918757362447
1960,23.304788747582894,55.94737122800538
1961,23.2937146375506,55.938333754826765
1953,22.95728014950405,55.98382034366228
1976,22.942452393925667,56.00101467801382
1938,23.31855273513491,55.9393989217181
1982,23.30522467215001,55.906920987825224
1967,23.309454013769354,55.93350900248766
1985,22.951016320683156,55.98848366632297
1977,23.269088516627413,55.9141771674802
1910,23.31104374444725,55.927795418755096
1900,23.32657701939982,55.93448416183424
1953,23.34622891786886,55.86133843271595
1974,23.268801422844604,55.9081834363208
1989,23.255143699934063,55.90732002601172
1961,23.32345932903348,55.92604057584107
1972,23.356226472982843,55.91361234472389
1968,23.316246082484028,55.929504314081285
1974,23.292586137905808,55.92033331964882
1982,23.34426241446745,55.92400601004658
1989,23.257235788064815,55.90747639767949
1974,23.268198820375204,55.907910350709855
1978,23.344481914666403,55.9233244339133
1970,22.953310051327467,55.98663454460249
1936,23.316478250649244,55.927223795917726
1973,23.35728414480078,55.916393763960606
1985,23.25146637474724,55.91639807897822
1992,23.24539170706885,55.90795239726992
2000,23.316351313672968,55.91080124707438
1989,23.137545448159454,55.980856093816335
1955,22.939465573859948,56.00294747867571
2021,23.304598682753074,55.92670813845825
1991,23.323269499071607,55.95345707989276
1992,23.24935668566382,55.91298945551185
1981,23.261457067016487,55.91088858394822
1969,23.26580725293143,55.904132006413136
1991,23.305191047118626,55.93563209004216
1928,23.317230178871185,55.935420903872426
1989,22.949921672008987,55.988070080670305
1980,23.289023900884494,55.9182915188609
1982,23.416131274037117,55.865561768340584
1945,23.308537386661097,55.92746695477464
1989,23.2760956537702,55.91498214887939
1955,23.324299818363066,55.924634780819964
1984,23.25495106171331,55.914865050876415
1937,23.30879896051734,55.94063821465963
1988,23.252236188177513,55.91130907741735
1990,23.245002007728694,55.91236992471175
1965,23.3228966610096,55.93078076493384
1984,23.317467483110725,55.937398583715805
1971,23.26985803606843,55.90131728312539
1900,23.31806386633174,55.93260470792278
1988,23.27502111402687,55.91427511306077
1900,23.346353734652993,55.93188664397938
1994,23.25110788703456,55.90760997715532
1954,23.319075238560348,55.935161609932116
1988,23.302043608923,55.933548098147284
1970,23.31906114722372,55.936877376176035
1940,23.309768729248805,55.919406675070384
1900,23.27833977987969,55.93453447833402
1979,23.32613049169483,55.92701644874673
1983,23.261979464537443,55.91875232051509
1983,23.256431609583665,55.91022051513438
1978,23.26881093729389,55.9136275237748
1954,23.321014473776394,55.847115645877786
1985,23.26718274947303,56.10658144098859
1973,23.35676757853967,55.91184542498865
1963,23.31950700312599,55.92239845993978
1960,23.31531633713216,55.94683726038295
1978,23.261898282073442,55.912921511780034
1984,23.256233007408646,55.915582498932395
1993,23.359592156218657,55.95589702936973
1940,22.935531495272034,56.00374907015592
1968,23.329192392919374,55.85347596279799
1982,23.260560888391158,55.91931876006985
1986,23.25102544684738,55.91603605653649
1974,23.358459655195627,55.91592376740029
1977,23.279435971284652,55.92203583904074
1984,23.301669612244872,55.938325195314356
1989,23.247633789646464,55.90862191439235
1961,23.309512079788384,55.93834244223541
1935,23.32060701119973,55.933597956956255
1985,23.251404850566786,55.91460997746701
1971,23.313904183964237,55.93797170348745
1977,23.267343988357688,55.91422968801378
1968,23.324960751900964,55.92435093250155
1969,23.324281997238945,55.93853212645279
1965,23.322355332314306,55.93429032934202
1965,23.320875119499526,55.93382402202886
1976,22.943677167470376,56.000782614884834
1969,23.27641486677435,55.91072582603161
1989,23.30162109180908,55.933905043644344
1960,23.332262315068995,55.92216282044824
1993,23.245009026288955,55.90706966194671
1980,22.94101567527754,56.002547548356965
1985,23.254753211679855,55.91684023561515
1980,23.259833020944782,55.9088216004506
1937,23.315953344671705,55.93067952598367
1987,23.256125687553418,55.91701023550324
1965,23.321675401011326,55.93198681718339
1971,23.313310198987192,55.933548521756954
1966,23.28429491390117,55.91361066461106
1978,23.241913820894425,56.08931574401443
1982,22.936078793192838,56.00016928716643
1982,23.30441732512103,55.90645827082235
1978,23.25459305157247,55.90017475608638
1962,23.308789000199027,55.93670339437033
1982,23.261284876157188,56.1039681072963
1930,23.314449275028014,55.92976383364286
2011,22.934306814611233,56.00047740086051
1954,23.315117649957056,55.93178883561141
1976,23.313999083205477,55.93350744181529
1970,23.267740423362866,55.90168201976267
1973,23.27880487970681,55.91380323072751
1982,23.258434420452755,55.91590121254348
1968,23.29514024722556,55.943561324064795
1974,23.29620341197735,55.941429331683004
1938,23.312852552744616,55.9322792987661
1989,23.24851909166485,55.910810325831584
1988,23.281400503809493,55.91616310341474
1963,23.323949522894345,55.92361772452927
1981,23.263931651795964,55.9153502543419
1987,23.280288686944974,55.91573438617961
1980,23.23793618062134,55.912982211461284
1990,23.247809677816026,55.91192894105647
1961,23.31985419713099,55.926326163939315
1976,23.2660237787254,55.90706193732333
1935,23.32835080115072,55.93741347186089
1970,23.273126342856624,55.90269313420817
1969,23.308555018003673,55.93366566341343
1975,23.270403579562135,55.90888467102266
1961,23.31797787984871,55.92656732861906
1982,23.259611568905747,55.91876506166648
1981,23.356506793480154,55.954623279672184
1985,23.257003320664285,55.91545239455662
1976,23.292517116767627,55.91973102749589
1991,23.30816044199397,55.92617121485044
1974,22.930051339356634,55.99841022833894
1990,23.244177188605192,55.913658499444026
1986,23.250208331705146,55.91610295384925
1954,23.30994500186521,55.922992081083436
1971,23.274412526893094,55.90232340928111
1900,23.212486691341265,55.87829809364245
1963,23.31500201375454,55.92836548364067
1986,22.9389926683546,56.00440775698185
1982,23.314581801772615,55.91228267634218
1967,23.29260647934093,55.94117516428116
1970,23.322109271544846,55.922718246029305
1974,23.274608482365135,55.90981684613066
1989,23.287210966432824,55.921191703238016
1979,23.258173015867044,55.91283624715888
1980,23.25688528324989,55.91242422480357
1964,23.296101245455915,55.92234779575977
2006,23.35754646325341,55.95469158756523
1990,23.249333403226355,55.91336662317543
1954,23.295008126015908,55.91910747905752
1986,23.248901612121802,55.91501696588973
1988,23.257358052756288,55.90777359253769
1991,23.245256507983544,55.90750239025559
1974,23.263814306371035,55.904659123232975
1988,23.25428966068064,55.90682076190944
1964,23.311033952093048,55.93195472058278
1974,23.262761295987467,55.9062159640546
1985,23.25718288815029,55.91610029325053
1975,23.324393955652802,55.92750102971878
1972,23.295182848840568,55.921821500840835
1975,23.26731583509615,55.90724031802028
1962,23.297429106355168,55.92323576006254
1959,23.305647701479803,55.92978641152005
2018,23.24919072822006,55.90916144575899
1935,23.317470799857738,55.93720994908577
1980,23.25565242985805,55.912488649068415
1986,23.28501606358133,55.9413469592211
1980,23.2960356039798,55.947150850731234
1900,23.314059549219966,55.93008507004568
1965,23.316139774592664,55.92918031844678
1995,23.28134796106258,55.90516694321953
1982,23.267231723310914,55.91254909690194
1972,23.311501401344927,55.92274026791049
1993,23.28182826636949,55.917252605468455
1986,23.3167068949218,55.93696316132783
1997,23.30754004659229,55.91519886687901
1981,23.264323007868853,55.91580176965488
1900,23.317470117756454,55.93360757020652
1990,23.24828651267941,55.912084572696926
1987,23.252943113931916,55.90948072048025
1990,22.95457049723083,55.98684288053101
1957,23.327040582596315,55.85323064198324
1964,23.307654479208484,55.93031874773381
1970,23.269556154962263,55.90036323524713
1967,23.319249494166034,55.919746905128655
1978,23.358486091977728,55.95403170865609
1959,23.33091482793551,55.85454540237448
1986,22.94218309485461,56.00265638855693
1936,23.33484954933013,55.94017969754861
1979,23.259526830030506,55.911460925905935
1985,23.260276634894495,55.91828394583058
1975,23.30918050260511,55.931791622875174
1965,23.33957676077947,55.93422213922832
1979,23.263107841043233,55.912398724518084
1992,23.306956089826663,55.929102049353176
1975,23.32498406584122,55.939578056898604
1986,23.24919367480358,55.9148031410742
1962,23.3250100700176,55.92519565071968
1993,23.243611099975684,55.904940960792416
1968,23.32311554392929,55.937501608452706
1987,23.254833846916394,55.91764025946099
1983,23.262298488772032,55.91964360215601
1990,23.424702887683967,55.92332092208902
1958,23.323836626908598,55.92734525287453
1981,23.26141654051435,55.91638627416652
1959,23.213116249655986,55.87640657096286
1990,23.360450225580898,55.95435633645225
1958,22.948020580090922,55.97958221139641
1963,23.319778092435122,55.92975743621672
1993,23.419208961106982,55.8648666305637
1989,23.247286624396633,55.910856701474124
1900,23.300212384457613,55.93481336698242
1968,23.28052340029899,55.914289408239675
1981,23.257510959272523,55.9089783116774
1979,23.27114179659846,55.9044871004198
1964,23.41398445971039,55.86490475325033
1947,23.313179950820988,55.92462718901451
1962,23.31671197089083,55.92485345022126
1965,23.3075371557323,55.92433507890865
1958,23.315368279268725,55.93028100277348
1971,23.356848158585425,55.91374136116219
1992,23.307581571768193,55.94965976904389
1980,23.2606388811149,55.91101842856959
1991,23.30075192699092,55.935957333514395
1968,23.286962419847384,55.91468619203482
1994,22.949639099134117,55.99080771044715
1956,23.328093554017205,55.955971888193844
1964,23.313074572680147,55.92244361114316
1971,23.288906997759298,55.9185603497863
1954,23.30880206674792,55.93147507822311
1900,23.343893951779965,55.914562406101886
1967,23.28295715103692,55.91415986339887
1968,23.278282686434082,55.91005403554326
1985,23.328376796950614,55.920183296792466
1963,23.32543837439452,55.92632991610113
1993,23.243136748552157,55.90384205005224
1973,22.958489298426,55.99904897656834
1959,22.955965188834764,55.98385413398275
1984,23.260768397026457,55.918502503022125
1960,23.309998552184908,55.93708748004703
1958,23.332087548548177,55.85414751090025
1981,23.346853093257828,55.92313040843889
1980,23.304989112238747,55.93171414936691
1985,23.251112910012758,55.91398833736358
1939,22.935001258004796,56.00437335280108
1970,23.32409918049799,55.93524317289064
1900,23.296238165873792,55.93421578727178
1987,23.255981899349973,55.917835853657515
1986,23.262801494522023,55.909998282584176
1991,23.244478280656633,55.90804561671519
1954,23.312051285595988,55.933245043906744
1953,23.32736679224885,55.85283714726621
1962,23.31950700312599,55.92239845993978
1982,23.25976570729361,55.91907142853692
1979,23.264058076683988,55.912898501057676
1991,23.299252553959892,55.93478994482086
1955,23.331635290002776,55.852581911313806
1965,23.32299115102549,55.93270374902887
1966,23.325857845441984,55.925209276290566
1952,23.314175155025065,55.931693757965405
1969,23.316185019461667,55.93297160076513
1969,23.314739448869577,55.934176339541715
1979,23.257884469567433,55.909519576377
1966,23.28515547614125,55.91291494626527
1953,22.95631706646206,55.98268922854669
1910,23.31559752417254,55.93089315359421
1954,23.31838503828415,55.92524900863705
1987,23.29113975703406,55.92858085402593
1961,23.314394721648824,55.9246968400036
1990,23.2469184240651,55.91169890590944
1985,23.302068961235168,55.93213783326815
1900,23.31279608462944,55.928236413425516
1982,22.941898593292784,56.00133334139934
1978,23.288250604182487,55.93604745579352
1971,23.338295370056706,55.92395613689677
1954,23.34064402326664,55.8590986827259
1972,23.26799616848767,55.90423487161799
1964,22.93894304117862,56.003293348980854
1961,23.32435439631578,55.92701570452507
1960,23.315259272219844,55.92466571443396
1972,23.239976659078103,55.914153699172445
1992,23.243542338897633,55.90436558950558
1973,23.265408047470384,55.90494712999913
1983,23.257272720873683,55.91809518286046
1985,23.360489667192848,55.90435460893646
1989,23.311895254942943,55.945659337937236
2008,23.327424883089968,55.921570544635664
1980,23.290019554133202,55.91983344377778
1991,22.947284457723224,56.006086898974736
1998,23.28469964536283,55.917691538685276
1966,23.287701100068155,55.9136573598224
1987,23.25472583456265,55.90826077243089
1986,23.24893813376152,55.915610103416526
1988,23.256314149323188,55.90800086629802
1900,23.32315055514586,55.93824742891996
1985,23.255566771746288,55.91362005948209
1988,23.251171146884744,55.91179670282292
1935,23.309053877891216,55.938007484908404
1979,23.26273161617436,55.91368112090042
1989,23.21096668175264,55.878387181185964
1978,23.261831017290312,55.9139362499473
1980,23.260373149672464,55.90901349992543
1977,23.29024333955517,55.93735257435524
1956,23.313917893880447,55.93085686131591
1989,23.276801578097416,55.91486950957031
1972,23.289610158117743,55.93784301767662
1977,23.271312575519133,55.90987824277106
1969,23.326300979583024,55.92825710198616
1928,23.30164605315305,55.92184034318602
1972,23.299017758234427,55.9362708853844
1971,23.339945631341273,55.92382125418805
1905,23.324641404271382,55.93995348491982
1900,23.244100785966292,55.90936388545283
1990,23.35994010620699,55.9551891465649
1929,23.317365741463703,55.93135213763476
1943,22.93652458956941,56.00320064735776
1980,23.289145978364584,55.939592122022816
1980,23.26390578208837,55.91671559869619
1992,23.243300042856834,55.90448987112635
1988,23.261669319546733,55.91486956997666
1980,23.26053083927243,55.916695384436906
1958,22.97023989424266,55.991224040126475
1953,23.324717184654578,55.85090913164384
1976,23.358355256615422,55.91546506614454
1970,23.32211193058861,55.9216492247582
1986,23.271140618027456,55.91478224124407
1995,23.332522200664414,55.852083643765425
1967,23.343218473297384,55.92518626787226
1979,23.27088363138836,55.910576421100416
1985,22.951061742478558,55.987989947766415
1960,22.934963733320842,56.00515461247096
1976,22.943807213143675,56.001304784331225
1955,23.3128736486997,55.92656591619521
1976,23.302664462741966,55.93373128344811
1993,23.24044195037184,55.90753567744946
1984,23.423398634161053,55.922802769015334
1992,23.246998471628814,55.914996362697295
1965,23.333616025335445,55.92905149800115
1978,23.287773496213156,55.93675439521671
1990,22.92422301835667,55.989501544736555
1962,23.320087306867315,55.92580640820982
1946,23.314756904332086,55.944067243225945
1980,23.261964677957305,55.91532051746299
1937,23.30556313603365,55.93093582221321
2007,23.275761366368,55.915752768081475
1953,23.327940433593948,55.85198683990205
1900,23.306430151690574,55.938837191606474
1984,23.25394276541807,55.91739230986103
1975,23.345723914821864,55.918929131020576
1967,22.940206752403054,56.00457091938064
1971,23.268562207714467,55.90219896636389
1973,23.285631725425592,55.93572686077126
1985,23.301803587207782,55.93443610395275
1993,23.28264838982501,55.90575845510552
1952,23.311695579344114,55.93344967744745
1970,22.945504180127386,56.003160967855116
1995,23.314315442457378,55.92828081293823
1955,22.93924727709867,55.99804048875729
1982,22.940072422088846,56.00244960767094
1976,23.266123163399357,55.90772731274148
1958,23.323989605445103,55.91671861908952
1992,23.283160599272154,55.917871246087614
1948,23.30383135160326,55.923990786812034
1969,23.275218333775083,55.9037026383016
1962,23.36198527121481,55.95837988074357
1975,23.325976572297172,55.943257726966635
1936,23.311955998970657,55.93591260660467
1960,23.31503909615649,55.92444888653004
1984,23.257507417921257,55.91585969401658
1990,23.246482334769617,55.91439130777621
1987,23.30049913613975,55.934886863212995
1959,23.309125887343612,55.93755871461241
1954,23.302246099027524,55.93919985922403
1984,23.310193119627524,55.92613769560839
1985,23.251398824313934,55.913262407117706
1993,23.24007872119926,55.90729986385526
1975,23.33058570549828,55.8551095786247
1979,23.259503989724447,55.91182013080622
1976,23.311439858819643,55.91357674555235
1987,23.309344827268273,55.92525256000051
1954,23.309701332750635,55.92679971979531
1970,23.323702113439435,55.92220595817731
1977,23.266313950166545,55.91202258764642
1961,23.315375858627487,55.92531317407693
1966,23.286620598003555,55.91587902232873
1974,22.927167663263784,55.99544749083364
1980,23.262302798654108,55.91099247130322
1970,23.277409950546712,55.91312128994606
1980,23.256650507103487,55.90964688859675
1971,23.267976959567612,55.90270755210717
1982,22.953019225276584,55.98790776445878
1974,23.326517260790652,55.950842720068536
1979,23.261849591925092,55.9104327756691
2018,23.281700758716617,55.93106851700532
1976,23.136393147348812,55.98151281072219
1980,23.258789903405404,55.91319930308859
1985,23.300544797853522,55.93857035294765
1940,22.936511267876067,56.00368565342223
1959,23.331179523883147,55.85494211891696
1970,23.30465987745666,55.924184119676426
1980,23.259635431814733,55.912476720440765
1985,23.252529732272755,55.91683574680048
1981,23.32850739069044,55.94964081397411
1987,23.29995355615131,55.935853981686385
1983,23.255349866266386,55.915756834233825
1976,23.264320434685427,55.912558693433404
1963,23.32378140962334,55.92408394340033
1955,23.314125169781303,55.9345232773972
1964,23.319574279975402,55.93043007216285
1990,23.30168170107449,55.93320467473539
1987,23.302448800919517,55.93237355521892
1982,23.258123915808888,55.91792064129566
1972,23.356426511672634,55.91215806542352
1982,23.303816672763464,55.93462716484913
1971,23.327511570287196,55.933195645865645
1871,23.31671497366535,55.92468278047133
1956,22.942813263925743,56.00658767479569
1900,23.286827974735623,55.93769219341578
1997,23.280535022596634,55.937844262698235
1966,23.30206847294658,55.92326213149064
1980,22.94200645271168,56.00207991537354
1975,23.325797138347323,55.94252908490716
1988,23.25011682730242,55.91172740350479
1971,23.2654212587492,55.90340203618608
1982,23.335681531486475,55.925235690921134
1953,23.317338358971114,55.95929954489689
2009,23.270159158274204,55.924451697945436
1966,23.284552188753707,55.912668888104385
1992,23.318382567633655,55.943620211222175
1978,23.26336012563794,55.914277795541274
1990,23.24844784130812,55.912840176437086
1981,23.256823155710038,55.90981861810725
1996,23.294460159523254,55.9483905443135
1972,23.243502983774153,56.089397356600614
1983,23.264282655034314,55.911175000855934
1988,23.303312080680872,55.93242335722702
1984,23.25529264067166,55.91373518861184
1953,23.314462403660922,55.93083294183204
1970,22.945597045229295,56.00269460885401
1986,23.251106958520317,55.91346725477502
1980,23.305185615018512,55.92967600444608
1980,23.260179283024232,55.909955609161045
1974,22.943221607237717,56.001614197489566
1980,23.343406556451527,55.92352532712588
1937,23.318594756420296,55.939740526049235
2008,23.267210102636767,55.91030308080218
1992,23.282949838491877,55.918022739400556
1973,23.336283617535646,55.92464602637835
1992,22.928523038276985,55.99744468216651
1970,23.324487086210752,55.851285179889985
1988,23.275209690970264,55.91445589363049
1977,23.277917705355115,55.91420229227479
1983,23.25832088083837,55.9184967743822
1991,23.24442549277608,55.90747034425332
1977,22.94612711462929,56.007370668246566
1932,23.31586754435631,55.93464076608736
1963,23.21490130872646,55.87743311908388
1964,23.319268059241832,55.9305541493859
1900,23.317936300940104,55.91891315892952
1980,23.300669323705574,55.94409590138173
1977,23.267383018269697,55.91300815782447
1977,23.265340920285773,55.91188203454451
1986,23.256501633289297,55.914083867305905
1990,23.357504462511283,55.91758073251102
1972,23.312763950124527,55.949940314636876
1971,23.26720449422327,55.90211902661602
1987,23.255872405693285,55.90851924482639
1925,23.311164955891435,55.92908073611263
1983,23.2559323855684,55.91457452540493
1934,23.320456021162073,55.931252435663865
1983,23.25676859728254,55.91768788251407
1994,23.296997490905007,55.92321533073529
1968,23.32310249636163,55.92631710389708
1989,23.246944583889007,55.908698554488915
1980,23.262684239720823,55.90606278223722
1962,23.28405018770538,55.93643636123647
1987,23.252151384965853,55.91322206082708
1983,23.258315941308457,55.91624187410039
1978,23.266318556104718,55.91516685668065
1954,23.304598496863658,55.94012048942036
1928,23.31575389347967,55.93110064232059
1969,23.322535018811998,55.937749955212546
1978,23.333569072041886,55.95416001201584
1961,23.314193245191984,55.92432739518856
1956,23.30841915572181,55.930511695829466
1964,23.32004403610483,55.93193290734563
1990,22.952216607376982,55.9885477745979
1956,23.30830251230964,55.92807651406003
1962,23.284135456357625,55.91618801178084
1957,23.321712130545713,55.92805225343977
2006,23.358091430797963,55.954658493442146
1971,23.356883928085917,55.91254674445414
1977,23.31310794236968,55.93231665680239
1900,23.299191736010602,55.93549929480338
1989,23.2748587596445,55.91354649058215
1979,23.34629180531005,55.923208282573576
1990,23.249415598182523,55.91242385015447
1981,23.26334324806226,55.916011519254376
1988,23.254230655918416,55.90739535285331
1927,23.314340024257913,55.9341381834751
1962,23.31929117401602,55.92741005661599
1981,23.35656033897777,55.95429117250396
1986,23.249186407253,55.916006893510975
1992,23.332147271088715,55.851596495851105
1998,23.31246278834798,55.932600529888525
1991,23.250018574085964,55.91101710381067
1972,23.26572781289693,55.90410458212679
1973,23.318842530949563,55.93565441496171
1985,22.950196944565985,55.98855754608127
1959,22.936081187157672,56.003583122900785
1983,23.32296325277146,55.939809523684104
1975,23.312072858327227,55.93293074234242
1971,23.28139160971255,55.914914340372114
1979,23.26015653637237,55.91115028553303
2007,23.361679460717177,55.95652771336821
1978,23.262078304237352,55.9127069851773
1963,23.3220443977582,55.94384703155284
2003,22.93040032377309,56.000865815034246
1976,22.92395654899193,55.98870864903945
1992,23.24732270690106,55.91477375539827
1925,23.312078084657198,55.929022953709335
1974,23.267258066517265,55.9060631284115
1979,23.30905070872643,55.921998883038896
1995,23.28184133690169,55.90529559082296
1967,23.309760925486838,55.92884829064489
1958,23.310705941309052,55.92699399813448
1930,23.313638620593974,55.93398155897055
1970,23.273639468110776,55.905184606658615
1963,23.317643615613747,55.92373567712922
1990,23.250094636608974,55.91287716427558
1968,23.293249303671644,55.94103511712553
1980,23.322514336749787,55.93985197363036
1969,23.274762811437462,55.904975621436826
1974,23.358580199692355,55.91637356912333
2017,23.271113398352114,55.92902097817676
1973,23.32941387321168,55.9518466947706
1900,23.306357318025704,55.92678992073587
1987,23.279493952126586,55.91546023403457
1964,23.35792436454365,55.91346848780855
1946,23.142976801773024,55.986679372684215
1964,23.29676856071664,55.92967316536453
1979,23.261066387830432,55.91376996131565
1991,23.298851354120444,55.934850546844494
1989,23.25792066683498,55.91516146734412
1969,23.321950721404527,55.936381253283585
1982,23.13601024019886,55.98215694395259
1991,23.242219910913153,55.904114903131784
1978,23.136019852161034,55.98100711618797
1962,23.320128342905818,55.92711822424274
1982,23.298549653658384,55.90371196417474
1989,23.27481429931224,55.91335757446171
1965,23.320190640751356,55.93361362728897
1952,23.316028798638076,55.93275513001847
1988,23.25288522549691,55.90666851334748
1986,23.280479648174566,55.91665182218219
1949,23.325150468224173,55.92540304012069
1981,23.25537417547072,55.91281935882168
1978,22.940316655772218,56.00641352519049
1991,23.358404930305188,55.95603458950449
1961,23.30842476238011,55.93558739846915
1990,23.310633329077,55.922070634084385
1978,23.263113762450686,55.913773243178184
1986,22.952546301143702,55.98820919434506
1970,23.27040822685778,55.9009701849174
1961,23.313387295168138,55.924664278801
1965,23.308798198028,55.92899561256106
1989,23.248574897377615,55.91123289383582
1987,23.279417644816622,55.9152621498884
1974,23.304586380443887,55.91131032976996
1965,22.9342444394024,56.003908644929325
1966,23.322508889274943,55.93191055188228
1914,23.31360249119307,55.92244655376701
1988,23.2476595199774,55.908118991699844
1975,23.268135451757562,55.90872747756285
1978,23.31163719510631,55.915078095304544
1990,23.327098654272756,55.94870783442964
1993,23.282669879464663,55.91758990001231
1985,23.417291761864465,55.86594457510248
1938,23.311472883951232,55.92615383818415
1961,23.320772590433197,55.92596290769625
1992,23.24437897321495,55.90492770721933
1962,23.321050501879437,55.92745569881715
1988,23.253559201130244,55.90738230169118
1966,23.327990359756193,55.85372094567146
1960,23.308793421483973,55.93106178913072
1960,23.27529916243026,55.909659208109936
1982,23.259980336714953,55.91704243677254
1979,23.28846615012964,55.938258641011316
1987,23.279165228014257,55.915934438122605
1975,23.31927479983006,55.93747146609271
1981,23.29226138371786,55.94429943590317
1976,23.27356617408278,55.910816860300415
1958,22.955944083792446,55.98701622673288
1982,23.259622035883865,55.916537205025804
1979,23.346508091426827,55.922715338836866
1960,22.935656710650004,56.00560978101152
1978,23.26972376284597,55.913570054331494
1974,23.267056183971764,55.90659195703387
1970,22.944639694111228,56.00370157931497
1979,23.26116881254947,55.90922489725268
1984,23.34687270244854,55.92386715746173
1953,23.307067051360796,55.94529989468485
1982,23.348311789496794,55.92391969598727
1979,23.261096582440793,55.9105001290015
1936,22.937209669838595,56.00511110178582
1979,23.260790404433457,55.90977960729101
1994,23.282130516867596,55.9173442025979
1976,23.294390735233836,55.945165077894245
1970,23.283516461398115,55.91592389046575
1977,23.268098325778016,55.913245982532416
1972,23.329371717802097,55.85604624617291
1967,23.283362976221817,55.915572639861615
1968,23.28301300963134,55.91286655948349
1999,23.30957685172898,55.92660138530323
1976,22.94135067698893,56.00143644359143
1977,23.265656501488056,55.911264051436746
1955,22.956593224622605,55.98433558823451
1986,23.32702729826473,55.94912966707193
1917,23.356497399749017,55.90884352841372
1988,23.275673687663545,55.91444963947544
1973,23.424361821484688,55.92150467611854
1992,23.249698197473236,55.90690067908088
1979,23.358368484995975,55.95533369285199
1965,23.30790609130959,55.93685115747315
1976,23.269124573778797,55.90885912082103
1990,23.26001678665326,55.91344923584303
1977,23.264333548320984,55.91440039931744
1984,23.291367429324012,55.93627204135977
1962,23.32139232504785,55.92529256118629
2022,23.292079485799416,55.92004293646806
1997,23.28409728019159,55.917391582891874
1968,23.277409159193052,55.912303783118574
1959,23.31809016604414,55.93475190547475
1992,23.28164949448211,55.917404283076024
1991,23.41785021514863,55.86492309663399
1981,23.26162554023572,55.91296479485114
1979,23.29257029557256,55.94316030715621
1956,22.92772081275634,55.998048603149904
1992,23.418659667454715,55.86527727932031
1972,23.268937482494454,55.90520170359314
1963,23.32335825638951,55.92449486053023
1978,23.405370704543024,55.91319461588393
1986,23.260818378201623,55.915035153830914
1977,23.269785622515343,55.91538509687295
1967,23.31886193910388,55.93819684593206
1972,23.320716080142134,55.937425519384185
1987,23.255575436911297,55.908993579073766
1963,23.211444093374727,55.87769849967112
1983,23.25754787782835,55.91709068422371
1940,22.934664061376203,56.001477681282275
1900,23.30778682198036,55.929178587627085
1974,23.298734422198258,55.94043761154144
1991,23.32852898016385,55.85397542604873
1961,23.322392420758163,55.92666355643333
1979,23.26280368310866,55.91072596361579
1991,23.41748227071945,55.86495728999882
1974,23.30919751989989,55.93443286380904
1981,23.262110717751067,55.91436913623235
1985,23.25077484217807,56.09721224733303
1985,23.252249336649122,55.913950323706025
1954,23.308831841296964,55.93249936312338
1964,23.30702438857216,55.929758228671126
1983,23.261346352776705,55.91755371431238
1944,23.297305582767205,55.92387288477169
1993,23.325842998079512,55.95094683490274
1990,23.29903641103278,55.93523788997547
1977,23.136959891822173,55.9812472726504
1992,23.308675127135864,55.949387421020894
1961,23.339263282378305,55.947938195776906
1962,23.323249058576103,55.93259736417438
1977,23.289356347321327,55.93684438601864
1938,23.308763439063874,55.9255547382301
1954,23.300349629610455,55.92186892100241
1980,23.25988616874154,55.916107582022576
1994,23.29595804611629,55.947896036226076
1989,23.25056254937733,55.91183791908305
1978,23.26516523896215,55.914405363807816
1950,23.334213492597907,55.85404224344128
1986,23.249631828643636,55.91613537750818
1989,23.247731284934424,55.91102112227751
1975,23.13761196084,55.98146744081274
1987,23.256889156453237,55.91723943242441
1985,23.31676119008666,55.94388073607664
1952,23.307731731226756,55.932268599554845
1989,23.25381286597345,55.90666515348948
1975,23.35536288344797,55.952155842685194
1948,23.308091147552435,55.929162330129856
1990,23.245860556533668,55.90686825677573
1962,23.316029550450313,55.923627907843205
1992,23.308225444410404,55.949465748786224
1970,23.274502258070402,55.90265632954142
1985,22.934820052251435,56.003383578353535
1992,23.283669475194852,55.91803590989028
1963,23.321176225803498,55.923009563467154
1991,23.26240979307603,55.91546692041339
1977,23.357491941038063,55.95411636417234
1981,23.263370654305316,55.91540978553246
1982,23.256452454508633,55.91498192579291
1962,23.32034997740552,55.927254199473445
1965,23.318122483826,55.92835584359599
1961,23.32397520774402,55.925818820537486
1980,23.304221048921196,55.9317098142834
1989,23.24867826688609,55.90754127846871
1963,23.318341383642252,55.95416656420139
1981,23.262230783317037,55.91562755221973
1989,23.277161641574665,55.91443142971436
1963,23.333154223045387,55.93451095121034
1967,23.3115111710675,55.93662880036255
1971,23.356590688374467,55.91286861851438
1986,23.250036468593684,55.91423332764148
1971,23.326396561504705,55.92735927623279
1982,23.259823243822996,55.912693454495454
1975,23.35796035818914,55.91709800172688
1963,23.32036228856449,55.92929351902452
2007,23.257780138025026,55.90660827367616
1928,23.316811173136006,55.93740392993187
1932,23.315807753434367,55.93076855242483
1923,23.312481841233588,55.92519823884062
1974,23.263531582125047,55.90523238087296
1990,23.24381337097964,55.90851766549067
1978,23.28822768376733,55.93642463033142
1977,23.28902899576023,55.93636637220465
1980,23.28914090432037,55.919765491861995
1962,23.31957386996661,55.92680074097764
1973,23.264306433687892,55.90569517349826
1954,23.34576009952293,55.86262059164072
1967,23.307510913690713,55.93208768882432
1992,23.244113624381477,55.907881674963804
1971,23.270786074098424,55.900433409065236
1981,23.259576374820973,55.91557569083249
1984,23.265116655053735,55.91105420996783
1974,23.274944052767854,55.91069022595885
1974,23.321419262217265,55.940232237053024
1985,23.26160241886259,55.9099731327559
1965,23.315713769103624,55.92792924792601
1985,23.28790471676896,55.91912950540374
1960,23.323091071777572,55.94900030769654
1912,23.31591548715992,55.93101170479705
1963,23.324821850212835,55.923137400043395
1986,23.25020637961422,55.91537527389265
1988,23.276059052711393,55.91437105314205
1975,23.32532125103788,55.95056667472889
1978,22.94161495775251,56.00291204171721
1965,23.3056205874667,55.93756596092828
1973,23.282579904533552,55.9155321473868
2023,23.31462411429299,55.9225780108754
1991,23.244876036951766,55.907329370254224
1849,23.312867074094072,55.93055455005001
1958,23.30976388424321,55.9223801882231
1996,23.317929571440526,55.93569428185877
1969,23.279318189380195,55.90941328373115
1970,23.26979475595397,55.904685742989855
1985,23.251620266537003,55.916713438454586
1962,23.319426942747732,55.92605429967554
1964,23.313580481626623,55.930028500940494
1989,23.25047191172036,55.91073238934735
1985,23.262357804514235,55.909780020810615
1983,23.259202358224584,55.918412243148914
1985,23.25328443297322,55.91668760374058
1954,23.327741673727623,55.85332430952503
1986,23.302024608401204,55.93816550398978
1975,23.27262679564946,55.90973329068441
1981,23.261124362034074,55.916609110581625
1987,23.299562395016398,55.93535766661857
1992,23.24545949746324,55.90528469133727
1953,23.333897000180254,55.855738428353526
1978,23.293713097082474,55.94281650669668
1989,23.327958129551874,55.94899999488082
1976,23.294877795254003,55.944790559627755
1967,23.307497233581646,55.93554625494303
1967,23.282358735712016,55.91451571974761
1986,23.341056969785257,55.9243302784631
1989,23.247957792485064,55.909234775801856
1928,23.306631593644745,55.92935176141449
1965,23.308682796273263,55.94626121744329
1987,23.279519277792602,55.91581972355937
1990,23.24516612732209,55.912155325032984
1971,23.268971394391926,55.90169831644551
1982,23.258807781342618,55.915615986125246
1975,23.308684001749533,55.934510834985225
1987,23.25390228810435,55.909504501679706
1973,23.319916018385893,55.922795992455036
1938,23.314011257461306,55.929195435677784
1950,23.309908387393328,55.93135551099112
1975,23.312779947744435,55.935477014309164
1908,23.324621441028384,55.923621410033725
1983,23.268740261627677,55.92163143816303
1966,23.285758275797125,55.91318794921043
1989,23.277085348144375,55.91423334412782
1979,23.261051573941174,55.90950268420343
1949,23.31619021764355,55.93176784271346
1980,23.3480708488122,55.92016332752477
1958,22.954745809262757,55.982720835757576
1947,23.30934455599692,55.933364653162705
1976,23.26253618906515,55.902908665068594
2006,22.94615484017779,56.009886342115124
1975,23.358509099256782,55.91680440584751
1965,23.302803218573796,55.92689562769024
1988,23.275766384072398,55.91376743552136
1972,23.337308748747393,55.92457967722911
1981,23.265222639244037,55.9164449710824
1984,22.94425627930321,56.01188245433991
1977,23.265138710888806,55.91496218544169
1962,23.318197224982402,55.92592173131361
1969,23.284088961590836,55.91610688978696
1975,23.295659996082488,55.92197694963132
1900,22.94666077916939,56.01015119145498
1969,23.27601406376278,55.904767377978125
1989,22.946254593565126,56.00622184315222
2007,23.277141819214123,55.917216209608284
1983,23.258279537823775,55.91731069721484
1985,23.301673286335998,55.931893036875636
1956,23.32289653840615,55.94546873994804
1984,23.25499614113591,55.91418257339025
1993,23.239844126757937,55.9070289088604
1995,23.281544211360668,55.90579693656618
1993,23.255535229856367,55.9069181328458
1966,22.934316181878746,56.00421471147518
1963,23.317131249638514,55.92466712162189
1980,23.26397639680555,55.917210115593
1928,23.308115502992734,55.92240687526999
1993,23.31110923644509,55.937632703677984
1980,23.25738418967773,55.9131010004322
1953,23.333663750030183,55.855368838810364
1981,23.263141109609208,55.9157048696303
1952,23.32947376916462,55.852902546387895
1957,23.32225733549155,55.923401806219424
1972,23.330429001232407,55.85586334740646
1986,23.340228459077625,55.92224167649399
1981,23.26190628464246,55.91586816399257
1940,22.94940886842707,56.0099320709777
1968,23.279646552913064,55.91326914365771
1994,23.359836180915103,55.95469451858496
1989,23.32023849125251,55.926310317975236
1980,23.31215175354872,55.932994067229615
1965,23.33148399529927,55.92369477554317
1978,23.262677357801643,55.913168733747376
1958,23.269675814073896,55.90676023923118
2004,23.281677332716978,55.91762903367751
1973,23.30981046413119,55.9314627643512
2019,23.306179942239513,55.928657489522415
1982,23.258645519908065,55.90903006382127
1900,23.315565045237413,55.85008598224129
1963,23.32040227173891,55.929751897346115
1963,23.31907938000031,55.93218810079141
1994,22.949583770160526,55.99048382499858
1982,23.2697862699808,55.90939307513768
1990,23.302651393546622,55.93445887227904
1975,23.264567732859646,55.90625371479113
1973,23.29358356386497,55.93498216012579
1961,23.30191213687699,55.91860778702186
1914,23.32904882443542,55.9312905464806
1977,23.305010424922973,55.93320552927217
1990,23.245589568231473,55.9125891304141
1980,23.258145614227853,55.90840718810812
1988,23.249401195438626,55.90820148687539
1963,22.95292477954992,55.98547237234974
2016,23.246623704597777,55.898850592330945
1979,23.260466645423623,55.91166421051409
1968,23.281063873980397,55.91447223471669
1974,22.952159336786856,55.98710989166867
1970,23.319996594455947,55.93007306439216
1978,23.332252377318564,55.852917653825976
1971,23.416253738010518,55.8648526512878
1974,23.26698347493661,55.907903123505314
1975,23.27291081347672,55.91079502623444
1970,23.32125811249288,55.92198589621976
1994,22.94641573412683,56.005603344090964
1986,23.27982651626316,55.916504268813505
1984,23.255148330865314,55.91458775375541
1981,23.26512392865393,55.91574366573326
1966,22.9453399727896,56.00330330304794
1977,23.267573399147437,55.914788032159514
1965,23.312217950027136,55.929257305386294
1988,22.925560364673427,55.98866873300374
1962,22.954169806110244,55.98328192599583
1962,23.320731820850344,55.925549442335836
1958,23.304216059291388,55.93645306896855
1976,23.268206310349985,55.91430668253512
1989,23.27651407964877,55.91398743446659
1964,23.309158218736272,55.9465333876778
1975,23.35957517490178,55.926853472953994
1985,23.325335397445926,55.918441845815124
1961,23.323981306005354,55.92546849794203
1990,22.955573825303947,55.98648305110318
1989,23.274674716388393,55.91312318049992
1957,23.317765178546054,55.92956663640047
1966,23.42309628594453,55.92161554067117
1933,22.96043300976795,56.01562231811225
1964,23.311995044701344,55.94815729872633
1992,23.244847397861967,55.90468802372599
1972,23.276569148891966,55.912748029369936
2014,23.243280503115958,55.90795741121278
1959,23.31763066891899,55.93448884062
1966,23.28687782977095,55.91319443605138
1967,23.285262202623908,55.915808263041555
1973,23.33531042501639,55.919807663967134
1960,23.31031889816362,55.93617295836561
1938,23.31180846797225,55.9361094192845
1970,23.275160238182757,55.90338787195415
1990,23.24998753810019,55.91262497247729
1953,22.95887831403155,55.98636725972782
1993,23.248641858250014,55.91356004501369
1983,23.265463507561382,55.90962789407032
1967,23.415946724319312,55.86508476640005
1945,23.313419245912712,55.92919213792316
1966,23.35940967827542,55.95337173921989
1981,23.26124965027084,55.91590914535244
1900,23.306192430947068,55.934227325322055
1977,23.26624161824375,55.911617897017116
1981,23.264930652038988,55.91665883405201
1976,23.3535973033148,55.95241609780749
1977,23.2898066742463,55.92010172228249
1942,23.316064098815268,55.92439169685833
1981,23.311956075786597,55.935005275268004
1954,23.319660947511636,55.923656999586456
1963,23.325402849324323,55.92376942733575
1980,23.260966867713528,55.91143364049905
1965,23.307051870911675,55.930908270439964
1985,23.305971892140324,55.92418253462848
1980,23.329763619446126,55.85461999072544
1981,23.308388589558586,55.92683727473291
1971,23.268031450351366,55.90490884825449
1982,23.344775420129245,55.92394585528898
1934,23.326564172283184,55.94260514690481
1970,23.282823305473645,55.91534491059932
1978,22.942339296067416,56.00163358460013
1900,23.297150330170656,55.932451245290174
1928,23.320178926906337,55.93245469365798
1961,23.32081327866891,55.92363640756711
1966,23.287292026953693,55.91415807129718
1988,23.253122414290083,55.910137607969865
1978,23.313020894889373,55.93904479931257
1985,23.30932674716703,55.94515986148417
1900,23.333416647427182,55.92481920016871
1972,23.325950914346752,55.95026468289788
1960,23.31851813699376,55.93498784378261
1981,23.34365417647473,55.92402073794343
1982,23.33010413550653,55.85525069574186
1962,23.311245010726395,55.93629492401402
1987,23.25217921726423,55.91011391775652
1967,23.304202890179216,55.93093713122716
1968,23.275115488002236,55.90750207569613
1959,22.934173067828674,56.00533643993189
2015,23.31916005293647,55.94675075473614
1924,23.317734436069212,55.93678020229082
1961,23.294232456195463,55.911610777979334
1999,23.31657412442639,55.93268628824457
1988,22.933061849290638,56.00493154759942
1956,23.323250963340225,55.924224766443885
1973,23.327706172998763,55.949681362972704
1988,23.254050999773632,55.91008933397068
1975,23.28144569430211,55.913719845704726
1958,23.308581120094544,55.93759159281833
1990,23.417873028283594,55.8655340836425
1966,23.320860794380767,55.935557754273404
1974,23.265984584851957,55.9057501042679
1990,23.279020117216977,55.91513405421547
1953,23.30466659744372,55.930957716130656
1976,23.27383196012666,55.91028839835548
1964,23.283150816369417,55.921868858205215
1900,23.334616713159825,55.9397562178201
1980,23.258707940235862,55.91162668774038
1993,23.242390067821283,55.90769141349084
1980,23.30684250455997,55.932775658970996
1960,22.953008539485293,55.98711710583366
1953,23.32925515420682,55.852613880202846
1992,23.25602063116183,55.90746007981281
1978,23.324052686377474,55.93423676857793
1959,23.310701421879482,55.92634716110564
1973,23.21157880047851,55.87814854449093
1978,23.264391571854507,55.914715170012634
1968,23.30519006852431,55.924061342052575
1984,23.311708333526084,55.925508342075986
1983,23.25851346532373,55.91762652974179
1973,23.264189729951024,55.90425710648118
1960,23.310069796241855,55.930377214464656
1973,23.136303437636684,55.98266207729628
1967,22.941215094958576,56.0040495412716
1986,23.279705218435108,55.916144218234436
1975,23.273342411355838,55.90995311987672
1964,23.32298541162294,55.929361862346376
1981,23.324218345985464,55.939430124299626
1981,23.256889250594163,55.91305309764053
1959,23.309395686274755,55.93049022305197
1991,23.242479598309675,55.90391886196311
1976,23.423776844198503,55.921034802827165
1981,22.92511894214394,55.98840435665446
1990,23.24594582246956,55.91154023480486
1935,23.31252402384932,55.92914222829593
1900,23.303375654964057,55.94314999839458
1971,23.2671094418694,55.90461589112133
1984,23.319565315771243,55.92820211802328
1949,23.316079473809346,55.931695360138214
1991,23.246202250480717,55.907391395725654
1940,22.956934606313844,56.00855855661253
1998,23.28430290287024,55.91751854716209
1989,23.24922196667468,55.90754459396403
1982,23.30216053621244,55.93683671784832
1987,23.312064603107054,55.92526777761284
1993,23.290196816182135,55.929392924186175
1948,23.31337711009456,55.932479859899885
1980,23.25607169360511,55.91231151090438
1900,23.258585520184084,55.91468934276392
1980,23.42334024360371,55.92242519165235
1980,23.25768682400458,55.916516574476624
1971,23.314372221317857,55.925065038135635
1991,23.24460552481277,55.9138407983516
1994,23.241292462018034,55.907388198936424
1969,23.321959809235366,55.946856025766685
1965,23.30055175222747,55.93107816026468
1988,23.25742138152292,55.91450265905095
1925,23.310277398040487,55.92859964530035
2014,22.93366568965589,56.000471858684904
1926,23.316032538726883,55.92981755085251
1966,23.283809041202623,55.9130688283837
1920,22.941191397914643,56.00608864085783
1973,23.265048427201975,55.90451377354595
1966,23.307277039771254,55.93532941350273
1978,23.272185443311507,55.91280305633001
1972,22.943077442659025,56.00219690355694
1978,23.272096493705956,55.905597724016594
1978,23.283094221269213,55.91019892139006
1947,23.30777590592305,55.931586102447184
1970,23.307161489202915,55.945390260402085
1964,23.30468887194994,55.93060748554646
1986,23.257442833848575,55.918401649057515
1970,23.27410257909827,55.90350741230744
1921,23.311249534481163,55.92611665572436
1987,23.26157347671509,55.9182288419136
1880,23.323053134370635,55.922723436288656
2006,23.30654937159219,55.935747544125064
1983,23.264033577039683,55.909125262471214
1989,23.328857549167715,55.85529780573074
1996,23.28366109915662,55.917622618868975
1992,23.243550781904556,55.90803992367138
1965,23.32103298523373,55.93211803085287
1994,23.355466801930195,55.918908625851394
1974,23.266541314979325,55.90506168698923
2020,23.278757550864132,55.914629439038784
1980,23.14051532607677,55.98421871433324
1970,23.269035915116174,55.90081831022355
1900,23.307507256975118,55.91524360011873
1965,23.3206681228157,55.93102003477872
1989,23.24945030123475,55.9106273489985
1978,23.310166021267534,55.915051897976966
1956,23.3088894129269,55.94274983886308
1957,22.955942245457578,55.98232670574414
1982,23.328960644848873,55.8548761392731
1970,23.27868762030082,55.936485936130175
1988,23.254491855874953,55.90711844365434
1997,23.28297687148992,55.91482475970173
1973,23.356173675156594,55.91100685770445
1967,23.311868022968497,55.93816696893125
1965,23.32316184643966,55.93301012513637
1987,23.299513133314306,55.934539888760455
1964,23.320623546721027,55.93173846760129
1961,23.316347511166835,55.92556112430281
2004,23.323903059686725,55.93823359328538
1965,23.314021227549816,55.92953686381864
1961,23.31699098246206,55.92627438941939
1964,23.32444447864894,55.930115500552624
1970,23.275812552364105,55.904424818201306
1953,23.32704434771872,55.85116443618381
1972,23.269466562323498,55.90427953657095
1974,23.35713623317186,55.915665330202096
1958,23.315983026626327,55.93353643896554
1992,22.92550033753226,55.98909943008289
1927,23.311645745605215,55.932649868740825
1995,23.281234533785973,55.90524713323971
1954,23.310782304363258,55.92269132933791
1985,23.21530012117134,55.87905271653993
1959,23.309386100056425,55.93102917880292
1988,23.253005209811647,55.9070824852197
1982,23.256263774882,55.90979727446718
1978,23.26548896398393,55.91251176597591
1989,23.253111018952907,55.91073045395555
1990,23.246378325105397,55.911506947597815
1981,23.26399630833022,55.91615915983733
1971,23.32024081132523,55.93074817339969
1995,23.254974416262815,55.910310528537345
1958,23.290921561701037,55.93702408992246
1961,23.32132961125008,55.92338771532772
1964,23.32347704234024,55.92961610049127
1990,23.359894441001888,55.95407496499707
1991,23.259499583612538,55.91456907156773
1981,23.26066195071751,55.91569001409182
1920,23.312379916170343,55.932761770165165
1987,23.254910300723704,55.9094836530515
1968,23.306743137935825,55.9248965738452
1972,23.43060419748612,55.92457906817821
1991,23.295176980693928,55.922144873777775
1993,23.249803559751804,55.911384120486034
1988,23.256890182802195,55.9079863760246
1973,23.32453368762253,55.93878504359166
1967,23.30498550006709,55.93459782962233
1973,23.355803512421744,55.91210989126107
1977,23.30930674409959,55.93818857222969
1948,23.313796394705328,55.93048786164279
1953,23.316489190540388,55.94750854746309
1985,23.302713699118442,55.93188096250949
1900,23.328768291344893,55.93640959834807
1973,23.310840008586347,55.92935740713197
1992,23.24533768036598,55.9049695198139
1958,23.31240114722014,55.92614105563264
1972,23.28013704636238,55.91442190394776
1977,23.266659355040026,55.9149083633195
1966,23.30974668257751,55.93325012131861
1984,23.262065883589692,55.91925591664163
1992,23.283367712799667,55.917917368829606
1990,23.278004655351076,55.914687912994864
1968,23.32026365189429,55.935841932676965
1976,22.94303309356871,56.00088490079881
1967,23.31040909825888,55.9319961422786
1964,23.137642925703073,55.984396295445386
1900,23.310946227841136,55.9242733424908
2010,23.262744116028603,55.91133648873493
1969,22.954471644595333,55.98575501144511
1963,23.284744566022887,55.9039559701263
1977,23.288669896772085,55.91927766271757
1976,23.263025511963832,55.911679547773836
1979,23.2907024775789,55.92010688354815
1967,23.291995169285812,55.94134233963732
1976,23.416783669728943,55.8657355479432
1992,23.244262405929494,55.90434305947307
1958,22.955568770538996,55.98369805301752
1964,23.289812192239395,55.91892491276059
1982,23.266961842177825,56.10720895888221
1995,23.301348896137245,55.92679755379662
1988,23.25272749024519,55.90738624177165
1945,23.314344270137195,55.928460643207146
1971,23.326936971313415,55.949722081626646
1986,23.34011275919318,55.924343191369175
1987,23.28158836399757,55.9060038157101
1965,23.312370795108414,55.92966241566494
1953,23.310987563622504,55.93456865579664
1967,23.292056079292834,55.93010433537064
1963,23.319875559774776,55.92876080733343
1936,23.31855093330169,55.93311946127886
1969,23.276659316894495,55.91220056289793
1991,23.24464563025107,55.90848683817697
1966,23.321397829066836,55.93596496960885
1986,23.28084869794011,55.91659109261483
1987,22.94457193078655,56.00148202212525
1964,23.320756389467203,55.93786593180442
1993,23.293420378080956,55.921964124096874
1966,22.93704911501846,56.002782934604745
1975,23.344922704924727,55.963581612304836
1954,23.3360179895588,55.937374175842415
1968,23.13601024019886,55.98215694395259
1936,23.288843731829303,55.91327767036752
1949,23.328143012321178,55.94202085681354
1935,22.924714444504964,55.98911953002474
1986,23.250296358110987,55.9140282878879
1982,23.291077376585537,55.920603135207294
1953,22.956708035828026,55.98423773883922
1921,23.324767254799664,55.94007994317205
1990,23.24570316417648,55.91415296614217
1985,23.255363759652102,55.91753566136998
1985,23.262767010937026,55.91855939846573
1984,23.34749814248282,55.92378063699331
1968,23.278768457820327,55.90973347345813
1989,23.25226341674163,55.910725311207656
2018,23.300900602787976,55.92592361084169
1961,23.31576424504493,55.92415646088031
1988,23.256365061819476,55.91035486675948
1966,23.31435106704545,55.93623139612853
1955,23.330186580904716,55.93398279602964
1953,23.31965942144405,55.93379036473369
1968,23.27315559068193,55.906259778372785
1960,23.31644265947408,55.93379052734387
1969,23.297843017425897,55.92246553799616
1931,23.315674001286286,55.927461885481016
1966,23.359809346124358,55.95340974963256
1969,23.35721840040535,55.91359955805711
1968,23.278714919952257,55.91347929659785
1987,23.309390094353812,55.930804613912585
1990,23.356842608578166,55.91697538554444
1988,23.25230921022894,55.90668298494325
1975,23.354825992955572,55.91703670765166
1990,23.247542657143367,55.91250225816568
1964,23.305290958284385,55.93094327128769
1984,23.23266037263975,55.90393892583382
1983,23.25511614789025,55.915432013194405
1969,23.278175472477102,55.91324256448455
1968,23.32866307449058,55.92861136834761
1964,23.311456597554592,55.94692355665693
1925,23.299846304728938,55.93381411953083
1976,23.32045706844022,55.93667846280034
1953,23.304333956049962,55.93076718494979
1969,23.276658206745758,55.91140102110804
1987,23.254026820163592,55.908849455885935
1974,23.33087348535117,55.853233573769046
